{"cameraMode":{"drawMode":0,"name":"Shaded","section":"Shading Mode"},"sceneLighting":false,"audioPlay":false,"sceneViewState":{"showFog":true,"showMaterialUpdate":false,"showSkybox":true,"showFlares":true,"showImageEffects":true,"showParticleSystems":true},"in2DMode":false,"pivot":{"x":1.7977997064590455,"y":3.2051734924316408,"z":0.49024468660354617},"rotation":{"x":-0.4312078654766083,"y":-0.550021767616272,"z":0.40003350377082827,"w":-0.5929015278816223},"size":10.392999649047852,"orthographic":false}