{"cameraMode":{"drawMode":0,"name":"Shaded","section":"Shading Mode"},"sceneLighting":false,"audioPlay":false,"sceneViewState":{"showFog":true,"showMaterialUpdate":false,"showSkybox":true,"showFlares":true,"showImageEffects":true,"showParticleSystems":true},"in2DMode":false,"pivot":{"x":-3.7192435264587404,"y":5.138881683349609,"z":-3.0076513290405275},"rotation":{"x":-0.2871825397014618,"y":-0.26227810978889468,"z":0.08208269625902176,"w":-0.917612612247467},"size":3.4367527961730959,"orthographic":false}